<?xml version="1.0" encoding="UTF-8"?>
<OpenSearchDescription xmlns="http://a9.com/-/spec/opensearch/1.1/">
  <ShortName>Wannier Berri</ShortName>
  <Description>Search Wannier Berri 0.13.5 documentation</Description>
  <InputEncoding>utf-8</InputEncoding>
  <Url type="text/html" method="get"
       template="https://wannier-berri.org/search.html?q={searchTerms}"/>
  <LongName>Wannier Berri 0.13.5 documentation</LongName>
  <Image height="16" width="16" type="image/x-icon">https://wannier-berri.org/_static/WB-logo.ico</Image>
  
</OpenSearchDescription>